label,pattern,attr,replace,
us_state,Alabama,lower,AL,
us_state,Alaska,lower,AK,
us_state,American Samoa,lower,AS,
us_state,Arizona,lower,AZ,
us_state,Arkansas,lower,AR,
us_state,California,lower,CA,
us_state,Colorado,lower,CO,
us_state,Connecticut,lower,CT,
us_state,Delaware,lower,DE,
us_state,District of Columbia,lower,DC,
us_state,Florida,lower,FL,
us_state,Georgia,lower,GA,
us_state,Guam,lower,GU,
us_state,Hawaii,lower,HI,
us_state,Idaho,lower,ID,
us_state,Illinois,lower,IL,
us_state,Indiana,lower,IN,
us_state,Iowa,lower,IA,
us_state,Kansas,lower,KS,
us_state,Kentucky,lower,KY,
us_state,Louisiana,lower,LA,
us_state,Maine,lower,ME,
us_state,Maryland,lower,MD,
us_state,Massachusetts,lower,MA,
us_state,Michigan,lower,MI,
us_state,Minnesota,lower,MN,
us_state,Minor Outlying Islands,lower,UM,
us_state,Mississippi,lower,MS,
us_state,Missouri,lower,MO,
us_state,Montana,lower,MT,
us_state,Nebraska,lower,NE,
us_state,Nevada,lower,NV,
us_state,New Hampshire,lower,NH,
us_state,New Jersey,lower,NJ,
us_state,New Mexico,lower,NM,
us_state,New York,lower,NY,
us_state,North Carolina,lower,NC,
us_state,North Dakota,lower,ND,
us_state,Northern Mariana Islands,lower,MP,
us_state,Ohio,lower,OH,
us_state,Oklahoma,lower,OK,
us_state,Oregon,lower,OR,
us_state,Pennsylvania,lower,PA,
us_state,Puerto Rico,lower,PR,
us_state,Rhode Island,lower,RI,
us_state,South Carolina,lower,SC,
us_state,South Dakota,lower,SD,
us_state,Tennessee,lower,TN,
us_state,Texas,lower,TX,
us_state,Utah,lower,UT,
us_state,Vermont,lower,VT,
us_state,Virgin Islands,lower,VI,
us_state,Virginia,lower,VA,
us_state,Washington,lower,WA,
us_state,West Virginia,lower,WV,
us_state,Wisconsin,lower,WI,
us_state,Wyoming,lower,WY,
us_state,AL,lower,,
us_state,AK,lower,,
us_state,AS,lower,,
us_state,AZ,lower,,
us_state,AR,lower,,
us_state,CA,lower,,
us_state,CO,lower,,
us_state,CT,lower,,
us_state,DE,lower,,
us_state,DC,lower,,
us_state,FL,lower,,
us_state,GA,lower,,
us_state,GU,lower,,
us_state,HI,lower,,
us_state,ID,lower,,
us_state,IL,lower,,
us_state,IN,lower,,
us_state,IA,lower,,
us_state,KS,lower,,
us_state,KY,lower,,
us_state,LA,lower,,
us_state,ME,lower,,
us_state,MD,lower,,
us_state,MA,lower,,
us_state,MI,lower,,
us_state,MN,lower,,
us_state,UM,lower,,
us_state,MS,lower,,
us_state,MO,lower,,
us_state,MT,lower,,
us_state,NE,lower,,
us_state,NV,lower,,
us_state,NH,lower,,
us_state,NJ,lower,,
us_state,NM,lower,,
us_state,NY,lower,,
us_state,NC,lower,,
us_state,ND,lower,,
us_state,MP,lower,,
us_state,OH,lower,,
us_state,OK,lower,,
us_state,OR,lower,,
us_state,PA,lower,,
us_state,PR,lower,,
us_state,RI,lower,,
us_state,SC,lower,,
us_state,SD,lower,,
us_state,TN,lower,,
us_state,TX,lower,,
us_state,UT,lower,,
us_state,VT,lower,,
us_state,VI,lower,,
us_state,VA,lower,,
us_state,WA,lower,,
us_state,WV,lower,,
us_state,WI,lower,,
us_state,WY,lower,,
us_county,Abbeville,lower,,SC
us_county,Acadia,lower,,LA
us_county,Accomack,lower,,VA
us_county,Ada,lower,,ID
us_county,Adair,lower,,IA KY MO OK
us_county,Adams,lower,,CO ID IL IN IA MS NE ND OH PA WA WI
us_county,Addison,lower,,VT
us_county,Aiken,lower,,SC
us_county,Aitkin,lower,,MN
us_county,Alachua,lower,,FL
us_county,Alamance,lower,,NC
us_county,Alameda,lower,,CA
us_county,Alamosa,lower,,CO
us_county,Albany,lower,,NY WY
us_county,Albemarle,lower,,VA
us_county,Alcona,lower,,MI
us_county,Alcorn,lower,,MS
us_county,Aleutians East,lower,,AK
us_county,Aleutians West,lower,,AK
us_county,Alexander,lower,,IL NC
us_county,Alexandria,lower,,VA
us_county,Alfalfa,lower,,OK
us_county,Alger,lower,,MI
us_county,Allamakee,lower,,IA
us_county,Allegan,lower,,MI
us_county,Allegany,lower,,MD NY
us_county,Alleghany,lower,,NC VA
us_county,Allegheny,lower,,PA
us_county,Allen,lower,,IN KS KY LA OH
us_county,Allendale,lower,,SC
us_county,Alpena,lower,,MI
us_county,Alpine,lower,,CA
us_county,Amador,lower,,CA
us_county,Amelia,lower,,VA
us_county,Amherst,lower,,VA
us_county,Amite,lower,,MS
us_county,Anchorage,lower,,AK
us_county,Anderson,lower,,KS KY SC TN TX
us_county,Andrew,lower,,MO
us_county,Andrews,lower,,TX
us_county,Androscoggin,lower,,ME
us_county,Angelina,lower,,TX
us_county,Anne Arundel,lower,,MD
us_county,Anoka,lower,,MN
us_county,Anson,lower,,NC
us_county,Antelope,lower,,NE
us_county,Antrim,lower,,MI
us_county,Apache,lower,,AZ
us_county,Appanoose,lower,,IA
us_county,Appling,lower,,GA
us_county,Appomattox,lower,,VA
us_county,Aransas,lower,,TX
us_county,Arapahoe,lower,,CO
us_county,Archer,lower,,TX
us_county,Archuleta,lower,,CO
us_county,Arenac,lower,,MI
us_county,Arkansas,lower,,AR
us_county,Arlington,lower,,VA
us_county,Armstrong,lower,,PA TX
us_county,Aroostook,lower,,ME
us_county,Arthur,lower,,NE
us_county,Ascension,lower,,LA
us_county,Ashe,lower,,NC
us_county,Ashland,lower,,OH WI
us_county,Ashley,lower,,AR
us_county,Ashtabula,lower,,OH
us_county,Asotin,lower,,WA
us_county,Assumption,lower,,LA
us_county,Atascosa,lower,,TX
us_county,Atchison,lower,,KS MO
us_county,Athens,lower,,OH
us_county,Atkinson,lower,,GA
us_county,Atlantic,lower,,NJ
us_county,Atoka,lower,,OK
us_county,Attala,lower,,MS
us_county,Audrain,lower,,MO
us_county,Audubon,lower,,IA
us_county,Auglaize,lower,,OH
us_county,Augusta,lower,,VA
us_county,Aurora,lower,,SD
us_county,Austin,lower,,TX
us_county,Autauga,lower,,AL
us_county,Avery,lower,,NC
us_county,Avoyelles,lower,,LA
us_county,Baca,lower,,CO
us_county,Bacon,lower,,GA
us_county,Bailey,lower,,TX
us_county,Baker,lower,,FL GA OR
us_county,Baldwin,lower,,AL GA
us_county,Ballard,lower,,KY
us_county,Baltimore,lower,,MD
us_county,Baltimore city,lower,,MD
us_county,Bamberg,lower,,SC
us_county,Bandera,lower,,TX
us_county,Banks,lower,,GA
us_county,Banner,lower,,NE
us_county,Bannock,lower,,ID
us_county,Baraga,lower,,MI
us_county,Barber,lower,,KS
us_county,Barbour,lower,,AL WV
us_county,Barnes,lower,,ND
us_county,Barnstable,lower,,MA
us_county,Barnwell,lower,,SC
us_county,Barren,lower,,KY
us_county,Barron,lower,,WI
us_county,Barrow,lower,,GA
us_county,Barry,lower,,MI MO
us_county,Bartholomew,lower,,IN
us_county,Barton,lower,,KS MO
us_county,Bartow,lower,,GA
us_county,Bastrop,lower,,TX
us_county,Bates,lower,,MO
us_county,Bath,lower,,KY VA
us_county,Baxter,lower,,AR
us_county,Bay,lower,,FL MI
us_county,Bayfield,lower,,WI
us_county,Baylor,lower,,TX
us_county,Beadle,lower,,SD
us_county,Bear Lake,lower,,ID
us_county,Beaufort,lower,,NC SC
us_county,Beauregard,lower,,LA
us_county,Beaver,lower,,OK PA UT
us_county,Beaverhead,lower,,MT
us_county,Becker,lower,,MN
us_county,Beckham,lower,,OK
us_county,Bedford,lower,,PA TN VA VA
us_county,Bee,lower,,TX
us_county,Belknap,lower,,NH
us_county,Bell,lower,,KY TX
us_county,Belmont,lower,,OH
us_county,Beltrami,lower,,MN
us_county,Ben Hill,lower,,GA
us_county,Benewah,lower,,ID
us_county,Bennett,lower,,SD
us_county,Bennington,lower,,VT
us_county,Benson,lower,,ND
us_county,Bent,lower,,CO
us_county,Benton,lower,,AR IN IA MN MS MO OR TN WA
us_county,Benzie,lower,,MI
us_county,Bergen,lower,,NJ
us_county,Berkeley,lower,,SC WV
us_county,Berks,lower,,PA
us_county,Berkshire,lower,,MA
us_county,Bernalillo,lower,,NM
us_county,Berrien,lower,,GA MI
us_county,Bertie,lower,,NC
us_county,Bethel,lower,,AK
us_county,Bexar,lower,,TX
us_county,Bibb,lower,,AL GA
us_county,Bienville,lower,,LA
us_county,Big Horn,lower,,MT WY
us_county,Big Stone,lower,,MN
us_county,Billings,lower,,ND
us_county,Bingham,lower,,ID
us_county,Black Hawk,lower,,IA
us_county,Blackford,lower,,IN
us_county,Bladen,lower,,NC
us_county,Blaine,lower,,ID MT NE OK
us_county,Blair,lower,,PA
us_county,Blanco,lower,,TX
us_county,Bland,lower,,VA
us_county,Bleckley,lower,,GA
us_county,Bledsoe,lower,,TN
us_county,Blount,lower,,AL TN
us_county,Blue Earth,lower,,MN
us_county,Boise,lower,,ID
us_county,Bolivar,lower,,MS
us_county,Bollinger,lower,,MO
us_county,Bon Homme,lower,,SD
us_county,Bond,lower,,IL
us_county,Bonner,lower,,ID
us_county,Bonneville,lower,,ID
us_county,Boone,lower,,AR IL IN IA KY MO NE WV
us_county,Borden,lower,,TX
us_county,Bosque,lower,,TX
us_county,Bossier,lower,,LA
us_county,Botetourt,lower,,VA
us_county,Bottineau,lower,,ND
us_county,Boulder,lower,,CO
us_county,Boundary,lower,,ID
us_county,Bourbon,lower,,KS KY
us_county,Bowie,lower,,TX
us_county,Bowman,lower,,ND
us_county,Box Butte,lower,,NE
us_county,Box Elder,lower,,UT
us_county,Boyd,lower,,KY NE
us_county,Boyle,lower,,KY
us_county,Bracken,lower,,KY
us_county,Bradford,lower,,FL PA
us_county,Bradley,lower,,AR TN
us_county,Branch,lower,,MI
us_county,Brantley,lower,,GA
us_county,Braxton,lower,,WV
us_county,Brazoria,lower,,TX
us_county,Brazos,lower,,TX
us_county,Breathitt,lower,,KY
us_county,Breckinridge,lower,,KY
us_county,Bremer,lower,,IA
us_county,Brevard,lower,,FL
us_county,Brewster,lower,,TX
us_county,Briscoe,lower,,TX
us_county,Bristol,lower,,MA RI VA
us_county,Bristol Bay,lower,,AK
us_county,Broadwater,lower,,MT
us_county,Bronx,lower,,NY
us_county,Brooke,lower,,WV
us_county,Brookings,lower,,SD
us_county,Brooks,lower,,GA TX
us_county,Broome,lower,,NY
us_county,Broomfield,lower,,CO
us_county,Broward,lower,,FL
us_county,Brown,lower,,IL IN KS MN NE OH SD TX WI
us_county,Brule,lower,,SD
us_county,Brunswick,lower,,NC VA
us_county,Bryan,lower,,GA OK
us_county,Buchanan,lower,,IA MO VA
us_county,Buckingham,lower,,VA
us_county,Bucks,lower,,PA
us_county,Buena Vista,lower,,IA VA
us_county,Buffalo,lower,,NE SD WI
us_county,Bullitt,lower,,KY
us_county,Bulloch,lower,,GA
us_county,Bullock,lower,,AL
us_county,Buncombe,lower,,NC
us_county,Bureau,lower,,IL
us_county,Burke,lower,,GA NC ND
us_county,Burleigh,lower,,ND
us_county,Burleson,lower,,TX
us_county,Burlington,lower,,NJ
us_county,Burnet,lower,,TX
us_county,Burnett,lower,,WI
us_county,Burt,lower,,NE
us_county,Butler,lower,,AL IA KS KY MO NE OH PA
us_county,Butte,lower,,CA ID SD
us_county,Butts,lower,,GA
us_county,Cabarrus,lower,,NC
us_county,Cabell,lower,,WV
us_county,Cache,lower,,UT
us_county,Caddo,lower,,LA OK
us_county,Calaveras,lower,,CA
us_county,Calcasieu,lower,,LA
us_county,Caldwell,lower,,KY LA MO NC TX
us_county,Caledonia,lower,,VT
us_county,Calhoun,lower,,AL AR FL GA IL IA MI MS SC TX WV
us_county,Callahan,lower,,TX
us_county,Callaway,lower,,MO
us_county,Calloway,lower,,KY
us_county,Calumet,lower,,WI
us_county,Calvert,lower,,MD
us_county,Camas,lower,,ID
us_county,Cambria,lower,,PA
us_county,Camden,lower,,GA MO NJ NC
us_county,Cameron,lower,,LA PA TX
us_county,Camp,lower,,TX
us_county,Campbell,lower,,KY SD TN VA WY
us_county,Canadian,lower,,OK
us_county,Candler,lower,,GA
us_county,Cannon,lower,,TN
us_county,Canyon,lower,,ID
us_county,Cape Girardeau,lower,,MO
us_county,Cape May,lower,,NJ
us_county,Carbon,lower,,MT PA UT WY
us_county,Caribou,lower,,ID
us_county,Carlisle,lower,,KY
us_county,Carlton,lower,,MN
us_county,Caroline,lower,,MD VA
us_county,Carroll,lower,,AR GA IL IN IA KY MD MS MO NH OH TN VA
us_county,Carson,lower,,TX
us_county,Carson City city,lower,,NV
us_county,Carter,lower,,KY MO MT OK TN
us_county,Carteret,lower,,NC
us_county,Carver,lower,,MN
us_county,Cascade,lower,,MT
us_county,Casey,lower,,KY
us_county,Cass,lower,,IL IN IA MI MN MO NE ND TX
us_county,Cassia,lower,,ID
us_county,Castro,lower,,TX
us_county,Caswell,lower,,NC
us_county,Catahoula,lower,,LA
us_county,Catawba,lower,,NC
us_county,Catoosa,lower,,GA
us_county,Catron,lower,,NM
us_county,Cattaraugus,lower,,NY
us_county,Cavalier,lower,,ND
us_county,Cayuga,lower,,NY
us_county,Cecil,lower,,MD
us_county,Cedar,lower,,IA MO NE
us_county,Centre,lower,,PA
us_county,Cerro Gordo,lower,,IA
us_county,Chaffee,lower,,CO
us_county,Chambers,lower,,AL TX
us_county,Champaign,lower,,IL OH
us_county,Chariton,lower,,MO
us_county,Charles,lower,,MD
us_county,Charles City,lower,,VA
us_county,Charles Mix,lower,,SD
us_county,Charleston,lower,,SC
us_county,Charlevoix,lower,,MI
us_county,Charlotte,lower,,FL VA
us_county,Charlottesville,lower,,VA
us_county,Charlton,lower,,GA
us_county,Chase,lower,,KS NE
us_county,Chatham,lower,,GA NC
us_county,Chattahoochee,lower,,GA
us_county,Chattooga,lower,,GA
us_county,Chautauqua,lower,,KS NY
us_county,Chaves,lower,,NM
us_county,Cheatham,lower,,TN
us_county,Cheboygan,lower,,MI
us_county,Chelan,lower,,WA
us_county,Chemung,lower,,NY
us_county,Chenango,lower,,NY
us_county,Cherokee,lower,,AL GA IA KS NC OK SC TX
us_county,Cherry,lower,,NE
us_county,Chesapeake,lower,,VA
us_county,Cheshire,lower,,NH
us_county,Chester,lower,,PA SC TN
us_county,Chesterfield,lower,,SC VA
us_county,Cheyenne,lower,,CO KS NE
us_county,Chickasaw,lower,,IA MS
us_county,Chicot,lower,,AR
us_county,Childress,lower,,TX
us_county,Chilton,lower,,AL
us_county,Chippewa,lower,,MI MN WI
us_county,Chisago,lower,,MN
us_county,Chittenden,lower,,VT
us_county,Choctaw,lower,,AL MS OK
us_county,Chouteau,lower,,MT
us_county,Chowan,lower,,NC
us_county,Christian,lower,,IL KY MO
us_county,Churchill,lower,,NV
us_county,Cibola,lower,,NM
us_county,Cimarron,lower,,OK
us_county,Citrus,lower,,FL
us_county,Clackamas,lower,,OR
us_county,Claiborne,lower,,LA MS TN
us_county,Clallam,lower,,WA
us_county,Clare,lower,,MI
us_county,Clarendon,lower,,SC
us_county,Clarion,lower,,PA
us_county,Clark,lower,,AR ID IL IN KS KY MO NV OH SD WA WI
us_county,Clarke,lower,,AL GA IA MS VA
us_county,Clatsop,lower,,OR
us_county,Clay,lower,,AL AR FL GA IL IN IA KS KY MN MS MO NE NC SD TN TX WV
us_county,Clayton,lower,,GA IA
us_county,Clear Creek,lower,,CO
us_county,Clearfield,lower,,PA
us_county,Clearwater,lower,,ID MN
us_county,Cleburne,lower,,AL AR
us_county,Clermont,lower,,OH
us_county,Cleveland,lower,,AR NC OK
us_county,Clifton Forge,lower,,VA
us_county,Clinch,lower,,GA
us_county,Clinton,lower,,IL IN IA KY MI MO NY OH PA
us_county,Cloud,lower,,KS
us_county,Coahoma,lower,,MS
us_county,Coal,lower,,OK
us_county,Cobb,lower,,GA
us_county,Cochise,lower,,AZ
us_county,Cochran,lower,,TX
us_county,Cocke,lower,,TN
us_county,Coconino,lower,,AZ
us_county,Codington,lower,,SD
us_county,Coffee,lower,,AL GA TN
us_county,Coffey,lower,,KS
us_county,Coke,lower,,TX
us_county,Colbert,lower,,AL
us_county,Cole,lower,,MO
us_county,Coleman,lower,,TX
us_county,Coles,lower,,IL
us_county,Colfax,lower,,NE NM
us_county,Colleton,lower,,SC
us_county,Collier,lower,,FL
us_county,Collin,lower,,TX
us_county,Collingsworth,lower,,TX
us_county,Colonial Heights,lower,,VA
us_county,Colorado,lower,,TX
us_county,Colquitt,lower,,GA
us_county,Columbia,lower,,AR FL GA NY OR PA WA WI
us_county,Columbiana,lower,,OH
us_county,Columbus,lower,,NC
us_county,Colusa,lower,,CA
us_county,Comal,lower,,TX
us_county,Comanche,lower,,KS OK TX
us_county,Concho,lower,,TX
us_county,Concordia,lower,,LA
us_county,Conecuh,lower,,AL
us_county,Conejos,lower,,CO
us_county,Contra Costa,lower,,CA
us_county,Converse,lower,,WY
us_county,Conway,lower,,AR
us_county,Cook,lower,,GA IL MN
us_county,Cooke,lower,,TX
us_county,Cooper,lower,,MO
us_county,Coos,lower,,NH OR
us_county,Coosa,lower,,AL
us_county,Copiah,lower,,MS
us_county,Corson,lower,,SD
us_county,Cortland,lower,,NY
us_county,Coryell,lower,,TX
us_county,Coshocton,lower,,OH
us_county,Costilla,lower,,CO
us_county,Cottle,lower,,TX
us_county,Cotton,lower,,OK
us_county,Cottonwood,lower,,MN
us_county,Covington,lower,,AL MS VA
us_county,Coweta,lower,,GA
us_county,Cowley,lower,,KS
us_county,Cowlitz,lower,,WA
us_county,Craig,lower,,OK VA
us_county,Craighead,lower,,AR
us_county,Crane,lower,,TX
us_county,Craven,lower,,NC
us_county,Crawford,lower,,AR GA IL IN IA KS MI MO OH PA WI
us_county,Creek,lower,,OK
us_county,Crenshaw,lower,,AL
us_county,Crisp,lower,,GA
us_county,Crittenden,lower,,AR KY
us_county,Crockett,lower,,TN TX
us_county,Crook,lower,,OR WY
us_county,Crosby,lower,,TX
us_county,Cross,lower,,AR
us_county,Crow Wing,lower,,MN
us_county,Crowley,lower,,CO
us_county,Culberson,lower,,TX
us_county,Cullman,lower,,AL
us_county,Culpeper,lower,,VA
us_county,Cumberland,lower,,IL KY ME NJ NC PA TN VA
us_county,Cuming,lower,,NE
us_county,Currituck,lower,,NC
us_county,Curry,lower,,NM OR
us_county,Custer,lower,,CO ID MT NE OK SD
us_county,Cuyahoga,lower,,OH
us_county,Dade,lower,,GA MO
us_county,Daggett,lower,,UT
us_county,Dakota,lower,,MN NE
us_county,Dale,lower,,AL
us_county,Dallam,lower,,TX
us_county,Dallas,lower,,AL AR IA MO TX
us_county,Dane,lower,,WI
us_county,Daniels,lower,,MT
us_county,Danville,lower,,VA
us_county,Dare,lower,,NC
us_county,Darke,lower,,OH
us_county,Darlington,lower,,SC
us_county,Dauphin,lower,,PA
us_county,Davidson,lower,,NC TN
us_county,Davie,lower,,NC
us_county,Daviess,lower,,IN KY MO
us_county,Davis,lower,,IA UT
us_county,Davison,lower,,SD
us_county,Dawes,lower,,NE
us_county,Dawson,lower,,GA MT NE TX
us_county,Day,lower,,SD
us_county,De Baca,lower,,NM
us_county,De Soto,lower,,LA
us_county,De Witt,lower,,IL
us_county,DeKalb,lower,,AL GA IL IN MO TN
us_county,DeSoto,lower,,FL MS
us_county,DeWitt,lower,,TX
us_county,Deaf Smith,lower,,TX
us_county,Dearborn,lower,,IN
us_county,Decatur,lower,,GA IN IA KS TN
us_county,Deer Lodge,lower,,MT
us_county,Defiance,lower,,OH
us_county,Del Norte,lower,,CA
us_county,Delaware,lower,,IN IA NY OH OK PA
us_county,Delta,lower,,CO MI TX
us_county,Denali,lower,,AK
us_county,Dent,lower,,MO
us_county,Denton,lower,,TX
us_county,Denver,lower,,CO
us_county,Des Moines,lower,,IA
us_county,Deschutes,lower,,OR
us_county,Desha,lower,,AR
us_county,Deuel,lower,,NE SD
us_county,Dewey,lower,,OK SD
us_county,Dickens,lower,,TX
us_county,Dickenson,lower,,VA
us_county,Dickey,lower,,ND
us_county,Dickinson,lower,,IA KS MI
us_county,Dickson,lower,,TN
us_county,Dillingham,lower,,AK
us_county,Dillon,lower,,SC
us_county,Dimmit,lower,,TX
us_county,Dinwiddie,lower,,VA
us_county,District of Columbia,lower,,DC
us_county,Divide,lower,,ND
us_county,Dixie,lower,,FL
us_county,Dixon,lower,,NE
us_county,Doddridge,lower,,WV
us_county,Dodge,lower,,GA MN NE WI
us_county,Dolores,lower,,CO
us_county,Dona Ana,lower,,NM
us_county,Doniphan,lower,,KS
us_county,Donley,lower,,TX
us_county,Dooly,lower,,GA
us_county,Door,lower,,WI
us_county,Dorchester,lower,,MD SC
us_county,Dougherty,lower,,GA
us_county,Douglas,lower,,CO GA IL KS MN MO NE NV OR SD WA WI
us_county,Drew,lower,,AR
us_county,DuPage,lower,,IL
us_county,Dubois,lower,,IN
us_county,Dubuque,lower,,IA
us_county,Duchesne,lower,,UT
us_county,Dukes,lower,,MA
us_county,Dundy,lower,,NE
us_county,Dunklin,lower,,MO
us_county,Dunn,lower,,ND WI
us_county,Duplin,lower,,NC
us_county,Durham,lower,,NC
us_county,Dutchess,lower,,NY
us_county,Duval,lower,,FL TX
us_county,Dyer,lower,,TN
us_county,Eagle,lower,,CO
us_county,Early,lower,,GA
us_county,East Baton Rouge,lower,,LA
us_county,East Carroll,lower,,LA
us_county,East Feliciana,lower,,LA
us_county,Eastland,lower,,TX
us_county,Eaton,lower,,MI
us_county,Eau Claire,lower,,WI
us_county,Echols,lower,,GA
us_county,Ector,lower,,TX
us_county,Eddy,lower,,NM ND
us_county,Edgar,lower,,IL
us_county,Edgecombe,lower,,NC
us_county,Edgefield,lower,,SC
us_county,Edmonson,lower,,KY
us_county,Edmunds,lower,,SD
us_county,Edwards,lower,,IL KS TX
us_county,Effingham,lower,,GA IL
us_county,El Dorado,lower,,CA
us_county,El Paso,lower,,CO TX
us_county,Elbert,lower,,CO GA
us_county,Elk,lower,,KS PA
us_county,Elkhart,lower,,IN
us_county,Elko,lower,,NV
us_county,Elliott,lower,,KY
us_county,Ellis,lower,,KS OK TX
us_county,Ellsworth,lower,,KS
us_county,Elmore,lower,,AL ID
us_county,Emanuel,lower,,GA
us_county,Emery,lower,,UT
us_county,Emmet,lower,,IA MI
us_county,Emmons,lower,,ND
us_county,Emporia,lower,,VA
us_county,Erath,lower,,TX
us_county,Erie,lower,,NY OH PA
us_county,Escambia,lower,,AL FL
us_county,Esmeralda,lower,,NV
us_county,Essex,lower,,MA NJ NY VT VA
us_county,Estill,lower,,KY
us_county,Etowah,lower,,AL
us_county,Eureka,lower,,NV
us_county,Evangeline,lower,,LA
us_county,Evans,lower,,GA
us_county,Fairbanks North Star,lower,,AK
us_county,Fairfax,lower,,VA VA
us_county,Fairfield,lower,,CT OH SC
us_county,Fall River,lower,,SD
us_county,Fallon,lower,,MT
us_county,Falls,lower,,TX
us_county,Falls Church,lower,,VA
us_county,Fannin,lower,,GA TX
us_county,Faribault,lower,,MN
us_county,Faulk,lower,,SD
us_county,Faulkner,lower,,AR
us_county,Fauquier,lower,,VA
us_county,Fayette,lower,,AL GA IL IN IA KY OH PA TN TX WV
us_county,Fentress,lower,,TN
us_county,Fergus,lower,,MT
us_county,Ferry,lower,,WA
us_county,Fillmore,lower,,MN NE
us_county,Finney,lower,,KS
us_county,Fisher,lower,,TX
us_county,Flagler,lower,,FL
us_county,Flathead,lower,,MT
us_county,Fleming,lower,,KY
us_county,Florence,lower,,SC WI
us_county,Floyd,lower,,GA IN IA KY TX VA
us_county,Fluvanna,lower,,VA
us_county,Foard,lower,,TX
us_county,Fond du Lac,lower,,WI
us_county,Ford,lower,,IL KS
us_county,Forest,lower,,PA WI
us_county,Forrest,lower,,MS
us_county,Forsyth,lower,,GA NC
us_county,Fort Bend,lower,,TX
us_county,Foster,lower,,ND
us_county,Fountain,lower,,IN
us_county,Franklin,lower,,AL AR FL GA ID IL IN IA KS KY LA ME MA MS MO NE NY NC OH PA TN TX VT VA VA WA
us_county,Frederick,lower,,MD VA
us_county,Fredericksburg,lower,,VA
us_county,Freeborn,lower,,MN
us_county,Freestone,lower,,TX
us_county,Fremont,lower,,CO ID IA WY
us_county,Fresno,lower,,CA
us_county,Frio,lower,,TX
us_county,Frontier,lower,,NE
us_county,Fulton,lower,,AR GA IL IN KY NY OH PA
us_county,Furnas,lower,,NE
us_county,Gadsden,lower,,FL
us_county,Gage,lower,,NE
us_county,Gaines,lower,,TX
us_county,Galax,lower,,VA
us_county,Gallatin,lower,,IL KY MT
us_county,Gallia,lower,,OH
us_county,Galveston,lower,,TX
us_county,Garden,lower,,NE
us_county,Garfield,lower,,CO MT NE OK UT WA
us_county,Garland,lower,,AR
us_county,Garrard,lower,,KY
us_county,Garrett,lower,,MD
us_county,Garvin,lower,,OK
us_county,Garza,lower,,TX
us_county,Gasconade,lower,,MO
us_county,Gaston,lower,,NC
us_county,Gates,lower,,NC
us_county,Geary,lower,,KS
us_county,Geauga,lower,,OH
us_county,Gem,lower,,ID
us_county,Genesee,lower,,MI NY
us_county,Geneva,lower,,AL
us_county,Gentry,lower,,MO
us_county,George,lower,,MS
us_county,Georgetown,lower,,SC
us_county,Gibson,lower,,IN TN
us_county,Gila,lower,,AZ
us_county,Gilchrist,lower,,FL
us_county,Giles,lower,,TN VA
us_county,Gillespie,lower,,TX
us_county,Gilliam,lower,,OR
us_county,Gilmer,lower,,GA WV
us_county,Gilpin,lower,,CO
us_county,Glacier,lower,,MT
us_county,Glades,lower,,FL
us_county,Gladwin,lower,,MI
us_county,Glascock,lower,,GA
us_county,Glasscock,lower,,TX
us_county,Glenn,lower,,CA
us_county,Gloucester,lower,,NJ VA
us_county,Glynn,lower,,GA
us_county,Gogebic,lower,,MI
us_county,Golden Valley,lower,,MT ND
us_county,Goliad,lower,,TX
us_county,Gonzales,lower,,TX
us_county,Goochland,lower,,VA
us_county,Goodhue,lower,,MN
us_county,Gooding,lower,,ID
us_county,Gordon,lower,,GA
us_county,Goshen,lower,,WY
us_county,Gosper,lower,,NE
us_county,Gove,lower,,KS
us_county,Grady,lower,,GA OK
us_county,Grafton,lower,,NH
us_county,Graham,lower,,AZ KS NC
us_county,Grainger,lower,,TN
us_county,Grand,lower,,CO UT
us_county,Grand Forks,lower,,ND
us_county,Grand Isle,lower,,VT
us_county,Grand Traverse,lower,,MI
us_county,Granite,lower,,MT
us_county,Grant,lower,,AR IN KS KY LA MN NE NM ND OK OR SD WA WV WI
us_county,Granville,lower,,NC
us_county,Gratiot,lower,,MI
us_county,Graves,lower,,KY
us_county,Gray,lower,,KS TX
us_county,Grays Harbor,lower,,WA
us_county,Grayson,lower,,KY TX VA
us_county,Greeley,lower,,KS NE
us_county,Green,lower,,KY WI
us_county,Green Lake,lower,,WI
us_county,Greenbrier,lower,,WV
us_county,Greene,lower,,AL AR GA IL IN IA MS MO NY NC OH PA TN VA
us_county,Greenlee,lower,,AZ
us_county,Greensville,lower,,VA
us_county,Greenup,lower,,KY
us_county,Greenville,lower,,SC
us_county,Greenwood,lower,,KS SC
us_county,Greer,lower,,OK
us_county,Gregg,lower,,TX
us_county,Gregory,lower,,SD
us_county,Grenada,lower,,MS
us_county,Griggs,lower,,ND
us_county,Grimes,lower,,TX
us_county,Grundy,lower,,IL IA MO TN
us_county,Guadalupe,lower,,NM TX
us_county,Guernsey,lower,,OH
us_county,Guilford,lower,,NC
us_county,Gulf,lower,,FL
us_county,Gunnison,lower,,CO
us_county,Guthrie,lower,,IA
us_county,Gwinnett,lower,,GA
us_county,Haakon,lower,,SD
us_county,Habersham,lower,,GA
us_county,Haines,lower,,AK
us_county,Hale,lower,,AL TX
us_county,Halifax,lower,,NC VA
us_county,Hall,lower,,GA NE TX
us_county,Hamblen,lower,,TN
us_county,Hamilton,lower,,FL IL IN IA KS NE NY OH TN TX
us_county,Hamlin,lower,,SD
us_county,Hampden,lower,,MA
us_county,Hampshire,lower,,MA WV
us_county,Hampton,lower,,SC VA
us_county,Hancock,lower,,GA IL IN IA KY ME MS OH TN WV
us_county,Hand,lower,,SD
us_county,Hanover,lower,,VA
us_county,Hansford,lower,,TX
us_county,Hanson,lower,,SD
us_county,Haralson,lower,,GA
us_county,Hardee,lower,,FL
us_county,Hardeman,lower,,TN TX
us_county,Hardin,lower,,IL IA KY OH TN TX
us_county,Harding,lower,,NM SD
us_county,Hardy,lower,,WV
us_county,Harford,lower,,MD
us_county,Harlan,lower,,KY NE
us_county,Harmon,lower,,OK
us_county,Harnett,lower,,NC
us_county,Harney,lower,,OR
us_county,Harper,lower,,KS OK
us_county,Harris,lower,,GA TX
us_county,Harrison,lower,,IN IA KY MS MO OH TX WV
us_county,Harrisonburg,lower,,VA
us_county,Hart,lower,,GA KY
us_county,Hartford,lower,,CT
us_county,Hartley,lower,,TX
us_county,Harvey,lower,,KS
us_county,Haskell,lower,,KS OK TX
us_county,Hawaii,lower,,HI
us_county,Hawkins,lower,,TN
us_county,Hayes,lower,,NE
us_county,Hays,lower,,TX
us_county,Haywood,lower,,NC TN
us_county,Heard,lower,,GA
us_county,Hemphill,lower,,TX
us_county,Hempstead,lower,,AR
us_county,Henderson,lower,,IL KY NC TN TX
us_county,Hendricks,lower,,IN
us_county,Hendry,lower,,FL
us_county,Hennepin,lower,,MN
us_county,Henrico,lower,,VA
us_county,Henry,lower,,AL GA IL IN IA KY MO OH TN VA
us_county,Herkimer,lower,,NY
us_county,Hernando,lower,,FL
us_county,Hertford,lower,,NC
us_county,Hettinger,lower,,ND
us_county,Hickman,lower,,KY TN
us_county,Hickory,lower,,MO
us_county,Hidalgo,lower,,NM TX
us_county,Highland,lower,,OH VA
us_county,Highlands,lower,,FL
us_county,Hill,lower,,MT TX
us_county,Hillsborough,lower,,FL NH
us_county,Hillsdale,lower,,MI
us_county,Hinds,lower,,MS
us_county,Hinsdale,lower,,CO
us_county,Hitchcock,lower,,NE
us_county,Hocking,lower,,OH
us_county,Hockley,lower,,TX
us_county,Hodgeman,lower,,KS
us_county,Hoke,lower,,NC
us_county,Holmes,lower,,FL MS OH
us_county,Holt,lower,,MO NE
us_county,Honolulu,lower,,HI
us_county,Hood,lower,,TX
us_county,Hood River,lower,,OR
us_county,Hooker,lower,,NE
us_county,Hoonah-Angoon,lower,,AK
us_county,Hopewell,lower,,VA
us_county,Hopkins,lower,,KY TX
us_county,Horry,lower,,SC
us_county,Hot Spring,lower,,AR
us_county,Hot Springs,lower,,WY
us_county,Houghton,lower,,MI
us_county,Houston,lower,,AL GA MN TN TX
us_county,Howard,lower,,AR IN IA MD MO NE TX
us_county,Howell,lower,,MO
us_county,Hubbard,lower,,MN
us_county,Hudson,lower,,NJ
us_county,Hudspeth,lower,,TX
us_county,Huerfano,lower,,CO
us_county,Hughes,lower,,OK SD
us_county,Humboldt,lower,,CA IA NV
us_county,Humphreys,lower,,MS TN
us_county,Hunt,lower,,TX
us_county,Hunterdon,lower,,NJ
us_county,Huntingdon,lower,,PA
us_county,Huntington,lower,,IN
us_county,Huron,lower,,MI OH
us_county,Hutchinson,lower,,SD TX
us_county,Hyde,lower,,NC SD
us_county,Iberia,lower,,LA
us_county,Iberville,lower,,LA
us_county,Ida,lower,,IA
us_county,Idaho,lower,,ID
us_county,Imperial,lower,,CA
us_county,Independence,lower,,AR
us_county,Indian River,lower,,FL
us_county,Indiana,lower,,PA
us_county,Ingham,lower,,MI
us_county,Inyo,lower,,CA
us_county,Ionia,lower,,MI
us_county,Iosco,lower,,MI
us_county,Iowa,lower,,IA WI
us_county,Iredell,lower,,NC
us_county,Irion,lower,,TX
us_county,Iron,lower,,MI MO UT WI
us_county,Iroquois,lower,,IL
us_county,Irwin,lower,,GA
us_county,Isabella,lower,,MI
us_county,Isanti,lower,,MN
us_county,Island,lower,,WA
us_county,Isle of Wight,lower,,VA
us_county,Issaquena,lower,,MS
us_county,Itasca,lower,,MN
us_county,Itawamba,lower,,MS
us_county,Izard,lower,,AR
us_county,Jack,lower,,TX
us_county,Jackson,lower,,AL AR CO FL GA IL IN IA KS KY LA MI MN MS MO NC OH OK OR SD TN TX WV WI
us_county,James City,lower,,VA
us_county,Jasper,lower,,GA IL IN IA MS MO SC TX
us_county,Jay,lower,,IN
us_county,Jeff Davis,lower,,GA TX
us_county,Jefferson,lower,,AL AR CO FL GA ID IL IN IA KS KY LA MS MO MT NE NY OH OK OR PA TN TX WA WV WI
us_county,Jefferson Davis,lower,,LA MS
us_county,Jenkins,lower,,GA
us_county,Jennings,lower,,IN
us_county,Jerauld,lower,,SD
us_county,Jerome,lower,,ID
us_county,Jersey,lower,,IL
us_county,Jessamine,lower,,KY
us_county,Jewell,lower,,KS
us_county,Jim Hogg,lower,,TX
us_county,Jim Wells,lower,,TX
us_county,Jo Daviess,lower,,IL
us_county,Johnson,lower,,AR GA IL IN IA KS KY MO NE TN TX WY
us_county,Johnston,lower,,NC OK
us_county,Jones,lower,,GA IA MS NC SD TX
us_county,Josephine,lower,,OR
us_county,Juab,lower,,UT
us_county,Judith Basin,lower,,MT
us_county,Juneau,lower,,AK WI
us_county,Juniata,lower,,PA
us_county,Kalamazoo,lower,,MI
us_county,Kalawao,lower,,HI
us_county,Kalkaska,lower,,MI
us_county,Kanabec,lower,,MN
us_county,Kanawha,lower,,WV
us_county,Kandiyohi,lower,,MN
us_county,Kane,lower,,IL UT
us_county,Kankakee,lower,,IL
us_county,Karnes,lower,,TX
us_county,Kauai,lower,,HI
us_county,Kaufman,lower,,TX
us_county,Kay,lower,,OK
us_county,Kearney,lower,,NE
us_county,Kearny,lower,,KS
us_county,Keith,lower,,NE
us_county,Kemper,lower,,MS
us_county,Kenai Peninsula,lower,,AK
us_county,Kendall,lower,,IL TX
us_county,Kenedy,lower,,TX
us_county,Kennebec,lower,,ME
us_county,Kenosha,lower,,WI
us_county,Kent,lower,,DE MD MI RI TX
us_county,Kenton,lower,,KY
us_county,Keokuk,lower,,IA
us_county,Kern,lower,,CA
us_county,Kerr,lower,,TX
us_county,Kershaw,lower,,SC
us_county,Ketchikan Gateway,lower,,AK
us_county,Kewaunee,lower,,WI
us_county,Keweenaw,lower,,MI
us_county,Keya Paha,lower,,NE
us_county,Kidder,lower,,ND
us_county,Kimball,lower,,NE
us_county,Kimble,lower,,TX
us_county,King,lower,,TX WA
us_county,King George,lower,,VA
us_county,King William,lower,,VA
us_county,King and Queen,lower,,VA
us_county,Kingfisher,lower,,OK
us_county,Kingman,lower,,KS
us_county,Kings,lower,,CA NY
us_county,Kingsbury,lower,,SD
us_county,Kinney,lower,,TX
us_county,Kiowa,lower,,CO KS OK
us_county,Kit Carson,lower,,CO
us_county,Kitsap,lower,,WA
us_county,Kittitas,lower,,WA
us_county,Kittson,lower,,MN
us_county,Klamath,lower,,OR
us_county,Kleberg,lower,,TX
us_county,Klickitat,lower,,WA
us_county,Knott,lower,,KY
us_county,Knox,lower,,IL IN KY ME MO NE OH TN TX
us_county,Kodiak Island,lower,,AK
us_county,Koochiching,lower,,MN
us_county,Kootenai,lower,,ID
us_county,Kosciusko,lower,,IN
us_county,Kossuth,lower,,IA
us_county,La Crosse,lower,,WI
us_county,La Paz,lower,,AZ
us_county,La Plata,lower,,CO
us_county,La Salle,lower,,LA TX
us_county,LaGrange,lower,,IN
us_county,LaMoure,lower,,ND
us_county,LaPorte,lower,,IN
us_county,LaSalle,lower,,IL
us_county,Labette,lower,,KS
us_county,Lac qui Parle,lower,,MN
us_county,Lackawanna,lower,,PA
us_county,Laclede,lower,,MO
us_county,Lafayette,lower,,AR FL LA MS MO WI
us_county,Lafourche,lower,,LA
us_county,Lake,lower,,CA CO FL IL IN MI MN MT OH OR SD TN
us_county,Lake and Peninsula,lower,,AK
us_county,Lake of the Woods,lower,,MN
us_county,Lamar,lower,,AL GA MS TX
us_county,Lamb,lower,,TX
us_county,Lamoille,lower,,VT
us_county,Lampasas,lower,,TX
us_county,Lancaster,lower,,NE PA SC VA
us_county,Lander,lower,,NV
us_county,Lane,lower,,KS OR
us_county,Langlade,lower,,WI
us_county,Lanier,lower,,GA
us_county,Lapeer,lower,,MI
us_county,Laramie,lower,,WY
us_county,Larimer,lower,,CO
us_county,Larue,lower,,KY
us_county,Las Animas,lower,,CO
us_county,Lassen,lower,,CA
us_county,Latah,lower,,ID
us_county,Latimer,lower,,OK
us_county,Lauderdale,lower,,AL MS TN
us_county,Laurel,lower,,KY
us_county,Laurens,lower,,GA SC
us_county,Lavaca,lower,,TX
us_county,Lawrence,lower,,AL AR IL IN KY MS MO OH PA SD TN
us_county,Le Flore,lower,,OK
us_county,Le Sueur,lower,,MN
us_county,Lea,lower,,NM
us_county,Leake,lower,,MS
us_county,Leavenworth,lower,,KS
us_county,Lebanon,lower,,PA
us_county,Lee,lower,,AL AR FL GA IL IA KY MS NC SC TX VA
us_county,Leelanau,lower,,MI
us_county,Leflore,lower,,MS
us_county,Lehigh,lower,,PA
us_county,Lemhi,lower,,ID
us_county,Lenawee,lower,,MI
us_county,Lenoir,lower,,NC
us_county,Leon,lower,,FL TX
us_county,Leslie,lower,,KY
us_county,Letcher,lower,,KY
us_county,Levy,lower,,FL
us_county,Lewis,lower,,ID KY MO NY TN WA WV
us_county,Lewis and Clark,lower,,MT
us_county,Lexington,lower,,SC VA
us_county,Liberty,lower,,FL GA MT TX
us_county,Licking,lower,,OH
us_county,Limestone,lower,,AL TX
us_county,Lincoln,lower,,AR CO GA ID KS KY LA ME MN MS MO MT NE NV NM NC OK OR SD TN WA WV WI WY
us_county,Linn,lower,,IA KS MO OR
us_county,Lipscomb,lower,,TX
us_county,Litchfield,lower,,CT
us_county,Little River,lower,,AR
us_county,Live Oak,lower,,TX
us_county,Livingston,lower,,IL KY LA MI MO NY
us_county,Llano,lower,,TX
us_county,Logan,lower,,AR CO IL KS KY NE ND OH OK WV
us_county,Long,lower,,GA
us_county,Lonoke,lower,,AR
us_county,Lorain,lower,,OH
us_county,Los Alamos,lower,,NM
us_county,Los Angeles,lower,,CA
us_county,Loudon,lower,,TN
us_county,Loudoun,lower,,VA
us_county,Louisa,lower,,IA VA
us_county,Loup,lower,,NE
us_county,Love,lower,,OK
us_county,Loving,lower,,TX
us_county,Lowndes,lower,,AL GA MS
us_county,Lubbock,lower,,TX
us_county,Lucas,lower,,IA OH
us_county,Luce,lower,,MI
us_county,Lumpkin,lower,,GA
us_county,Luna,lower,,NM
us_county,Lunenburg,lower,,VA
us_county,Luzerne,lower,,PA
us_county,Lycoming,lower,,PA
us_county,Lyman,lower,,SD
us_county,Lynchburg,lower,,VA
us_county,Lynn,lower,,TX
us_county,Lyon,lower,,IA KS KY MN NV
us_county,Mackinac,lower,,MI
us_county,Macomb,lower,,MI
us_county,Macon,lower,,AL GA IL MO NC TN
us_county,Macoupin,lower,,IL
us_county,Madera,lower,,CA
us_county,Madison,lower,,AL AR FL GA ID IL IN IA KY LA MS MO MT NE NY NC OH TN TX VA
us_county,Magoffin,lower,,KY
us_county,Mahaska,lower,,IA
us_county,Mahnomen,lower,,MN
us_county,Mahoning,lower,,OH
us_county,Major,lower,,OK
us_county,Malheur,lower,,OR
us_county,Manassas,lower,,VA
us_county,Manassas Park,lower,,VA
us_county,Manatee,lower,,FL
us_county,Manistee,lower,,MI
us_county,Manitowoc,lower,,WI
us_county,Marathon,lower,,WI
us_county,Marengo,lower,,AL
us_county,Maricopa,lower,,AZ
us_county,Maries,lower,,MO
us_county,Marin,lower,,CA
us_county,Marinette,lower,,WI
us_county,Marion,lower,,AL AR FL GA IL IN IA KS KY MS MO OH OR SC TN TX WV
us_county,Mariposa,lower,,CA
us_county,Marlboro,lower,,SC
us_county,Marquette,lower,,MI WI
us_county,Marshall,lower,,AL IL IN IA KS KY MN MS OK SD TN WV
us_county,Martin,lower,,FL IN KY MN NC TX
us_county,Martinsville,lower,,VA
us_county,Mason,lower,,IL KY MI TX WA WV
us_county,Massac,lower,,IL
us_county,Matagorda,lower,,TX
us_county,Matanuska-Susitna,lower,,AK
us_county,Mathews,lower,,VA
us_county,Maui,lower,,HI
us_county,Maury,lower,,TN
us_county,Maverick,lower,,TX
us_county,Mayes,lower,,OK
us_county,McClain,lower,,OK
us_county,McCone,lower,,MT
us_county,McCook,lower,,SD
us_county,McCormick,lower,,SC
us_county,McCracken,lower,,KY
us_county,McCreary,lower,,KY
us_county,McCulloch,lower,,TX
us_county,McCurtain,lower,,OK
us_county,McDonald,lower,,MO
us_county,McDonough,lower,,IL
us_county,McDowell,lower,,NC WV
us_county,McDuffie,lower,,GA
us_county,McHenry,lower,,IL ND
us_county,McIntosh,lower,,GA ND OK
us_county,McKean,lower,,PA
us_county,McKenzie,lower,,ND
us_county,McKinley,lower,,NM
us_county,McLean,lower,,IL KY ND
us_county,McLennan,lower,,TX
us_county,McLeod,lower,,MN
us_county,McMinn,lower,,TN
us_county,McMullen,lower,,TX
us_county,McNairy,lower,,TN
us_county,McPherson,lower,,KS NE SD
us_county,Meade,lower,,KS KY SD
us_county,Meagher,lower,,MT
us_county,Mecklenburg,lower,,NC VA
us_county,Mecosta,lower,,MI
us_county,Medina,lower,,OH TX
us_county,Meeker,lower,,MN
us_county,Meigs,lower,,OH TN
us_county,Mellette,lower,,SD
us_county,Menard,lower,,IL TX
us_county,Mendocino,lower,,CA
us_county,Menifee,lower,,KY
us_county,Menominee,lower,,MI WI
us_county,Merced,lower,,CA
us_county,Mercer,lower,,IL KY MO NJ ND OH PA WV
us_county,Meriwether,lower,,GA
us_county,Merrick,lower,,NE
us_county,Merrimack,lower,,NH
us_county,Mesa,lower,,CO
us_county,Metcalfe,lower,,KY
us_county,Miami,lower,,IN KS OH
us_county,Miami-Dade,lower,,FL
us_county,Middlesex,lower,,CT MA NJ VA
us_county,Midland,lower,,MI TX
us_county,Mifflin,lower,,PA
us_county,Milam,lower,,TX
us_county,Millard,lower,,UT
us_county,Mille Lacs,lower,,MN
us_county,Miller,lower,,AR GA MO
us_county,Mills,lower,,IA TX
us_county,Milwaukee,lower,,WI
us_county,Miner,lower,,SD
us_county,Mineral,lower,,CO MT NV WV
us_county,Mingo,lower,,WV
us_county,Minidoka,lower,,ID
us_county,Minnehaha,lower,,SD
us_county,Missaukee,lower,,MI
us_county,Mississippi,lower,,AR MO
us_county,Missoula,lower,,MT
us_county,Mitchell,lower,,GA IA KS NC TX
us_county,Mobile,lower,,AL
us_county,Modoc,lower,,CA
us_county,Moffat,lower,,CO
us_county,Mohave,lower,,AZ
us_county,Moniteau,lower,,MO
us_county,Monmouth,lower,,NJ
us_county,Mono,lower,,CA
us_county,Monona,lower,,IA
us_county,Monongalia,lower,,WV
us_county,Monroe,lower,,AL AR FL GA IL IN IA KY MI MS MO NY OH PA TN WV WI
us_county,Montague,lower,,TX
us_county,Montcalm,lower,,MI
us_county,Monterey,lower,,CA
us_county,Montezuma,lower,,CO
us_county,Montgomery,lower,,AL AR GA IL IN IA KS KY MD MS MO NY NC OH PA TN TX VA
us_county,Montmorency,lower,,MI
us_county,Montour,lower,,PA
us_county,Montrose,lower,,CO
us_county,Moody,lower,,SD
us_county,Moore,lower,,NC TN TX
us_county,Mora,lower,,NM
us_county,Morehouse,lower,,LA
us_county,Morgan,lower,,AL CO GA IL IN KY MO OH TN UT WV
us_county,Morrill,lower,,NE
us_county,Morris,lower,,KS NJ TX
us_county,Morrison,lower,,MN
us_county,Morrow,lower,,OH OR
us_county,Morton,lower,,KS ND
us_county,Motley,lower,,TX
us_county,Moultrie,lower,,IL
us_county,Mountrail,lower,,ND
us_county,Mower,lower,,MN
us_county,Muhlenberg,lower,,KY
us_county,Multnomah,lower,,OR
us_county,Murray,lower,,GA MN OK
us_county,Muscatine,lower,,IA
us_county,Muscogee,lower,,GA
us_county,Muskegon,lower,,MI
us_county,Muskingum,lower,,OH
us_county,Muskogee,lower,,OK
us_county,Musselshell,lower,,MT
us_county,Nacogdoches,lower,,TX
us_county,Nance,lower,,NE
us_county,Nantucket,lower,,MA
us_county,Napa,lower,,CA
us_county,Nash,lower,,NC
us_county,Nassau,lower,,FL NY
us_county,Natchitoches,lower,,LA
us_county,Natrona,lower,,WY
us_county,Navajo,lower,,AZ
us_county,Navarro,lower,,TX
us_county,Nelson,lower,,KY ND VA
us_county,Nemaha,lower,,KS NE
us_county,Neosho,lower,,KS
us_county,Neshoba,lower,,MS
us_county,Ness,lower,,KS
us_county,Nevada,lower,,AR CA
us_county,New Castle,lower,,DE
us_county,New Hanover,lower,,NC
us_county,New Haven,lower,,CT
us_county,New Kent,lower,,VA
us_county,New London,lower,,CT
us_county,New Madrid,lower,,MO
us_county,New York,lower,,NY
us_county,Newaygo,lower,,MI
us_county,Newberry,lower,,SC
us_county,Newport,lower,,RI
us_county,Newport News,lower,,VA
us_county,Newton,lower,,AR GA IN MS MO TX
us_county,Nez Perce,lower,,ID
us_county,Niagara,lower,,NY
us_county,Nicholas,lower,,KY WV
us_county,Nicollet,lower,,MN
us_county,Niobrara,lower,,WY
us_county,Noble,lower,,IN OH OK
us_county,Nobles,lower,,MN
us_county,Nodaway,lower,,MO
us_county,Nolan,lower,,TX
us_county,Nome,lower,,AK
us_county,Norfolk,lower,,MA VA
us_county,Norman,lower,,MN
us_county,North Slope,lower,,AK
us_county,Northampton,lower,,NC PA VA
us_county,Northumberland,lower,,PA VA
us_county,Northwest Arctic,lower,,AK
us_county,Norton,lower,,KS VA
us_county,Nottoway,lower,,VA
us_county,Nowata,lower,,OK
us_county,Noxubee,lower,,MS
us_county,Nuckolls,lower,,NE
us_county,Nueces,lower,,TX
us_county,Nye,lower,,NV
us_county,O'Brien,lower,,IA
us_county,Oakland,lower,,MI
us_county,Obion,lower,,TN
us_county,Ocean,lower,,NJ
us_county,Oceana,lower,,MI
us_county,Ochiltree,lower,,TX
us_county,Oconee,lower,,GA SC
us_county,Oconto,lower,,WI
us_county,Ogemaw,lower,,MI
us_county,Ogle,lower,,IL
us_county,Oglethorpe,lower,,GA
us_county,Ohio,lower,,IN KY WV
us_county,Okaloosa,lower,,FL
us_county,Okanogan,lower,,WA
us_county,Okeechobee,lower,,FL
us_county,Okfuskee,lower,,OK
us_county,Oklahoma,lower,,OK
us_county,Okmulgee,lower,,OK
us_county,Oktibbeha,lower,,MS
us_county,Oldham,lower,,KY TX
us_county,Oliver,lower,,ND
us_county,Olmsted,lower,,MN
us_county,Oneida,lower,,ID NY WI
us_county,Onondaga,lower,,NY
us_county,Onslow,lower,,NC
us_county,Ontario,lower,,NY
us_county,Ontonagon,lower,,MI
us_county,Orange,lower,,CA FL IN NY NC TX VT VA
us_county,Orangeburg,lower,,SC
us_county,Oregon,lower,,MO
us_county,Orleans,lower,,LA NY VT
us_county,Osage,lower,,KS MO OK
us_county,Osborne,lower,,KS
us_county,Osceola,lower,,FL IA MI
us_county,Oscoda,lower,,MI
us_county,Oswego,lower,,NY
us_county,Otero,lower,,CO NM
us_county,Otoe,lower,,NE
us_county,Otsego,lower,,MI NY
us_county,Ottawa,lower,,KS MI OH OK
us_county,Otter Tail,lower,,MN
us_county,Ouachita,lower,,AR LA
us_county,Ouray,lower,,CO
us_county,Outagamie,lower,,WI
us_county,Overton,lower,,TN
us_county,Owen,lower,,IN KY
us_county,Owsley,lower,,KY
us_county,Owyhee,lower,,ID
us_county,Oxford,lower,,ME
us_county,Ozark,lower,,MO
us_county,Ozaukee,lower,,WI
us_county,Pacific,lower,,WA
us_county,Page,lower,,IA VA
us_county,Palm Beach,lower,,FL
us_county,Palo Alto,lower,,IA
us_county,Palo Pinto,lower,,TX
us_county,Pamlico,lower,,NC
us_county,Panola,lower,,MS TX
us_county,Park,lower,,CO MT WY
us_county,Parke,lower,,IN
us_county,Parker,lower,,TX
us_county,Parmer,lower,,TX
us_county,Pasco,lower,,FL
us_county,Pasquotank,lower,,NC
us_county,Passaic,lower,,NJ
us_county,Patrick,lower,,VA
us_county,Paulding,lower,,GA OH
us_county,Pawnee,lower,,KS NE OK
us_county,Payette,lower,,ID
us_county,Payne,lower,,OK
us_county,Peach,lower,,GA
us_county,Pearl River,lower,,MS
us_county,Pecos,lower,,TX
us_county,Pembina,lower,,ND
us_county,Pemiscot,lower,,MO
us_county,Pend Oreille,lower,,WA
us_county,Pender,lower,,NC
us_county,Pendleton,lower,,KY WV
us_county,Pennington,lower,,MN SD
us_county,Penobscot,lower,,ME
us_county,Peoria,lower,,IL
us_county,Pepin,lower,,WI
us_county,Perkins,lower,,NE SD
us_county,Perquimans,lower,,NC
us_county,Perry,lower,,AL AR IL IN KY MS MO OH PA TN
us_county,Pershing,lower,,NV
us_county,Person,lower,,NC
us_county,Petersburg,lower,,AK VA
us_county,Petroleum,lower,,MT
us_county,Pettis,lower,,MO
us_county,Phelps,lower,,MO NE
us_county,Philadelphia,lower,,PA
us_county,Phillips,lower,,AR CO KS MT
us_county,Piatt,lower,,IL
us_county,Pickaway,lower,,OH
us_county,Pickens,lower,,AL GA SC
us_county,Pickett,lower,,TN
us_county,Pierce,lower,,GA NE ND WA WI
us_county,Pike,lower,,AL AR GA IL IN KY MS MO OH PA
us_county,Pima,lower,,AZ
us_county,Pinal,lower,,AZ
us_county,Pine,lower,,MN
us_county,Pinellas,lower,,FL
us_county,Pipestone,lower,,MN
us_county,Piscataquis,lower,,ME
us_county,Pitkin,lower,,CO
us_county,Pitt,lower,,NC
us_county,Pittsburg,lower,,OK
us_county,Pittsylvania,lower,,VA
us_county,Piute,lower,,UT
us_county,Placer,lower,,CA
us_county,Plaquemines,lower,,LA
us_county,Platte,lower,,MO NE WY
us_county,Pleasants,lower,,WV
us_county,Plumas,lower,,CA
us_county,Plymouth,lower,,IA MA
us_county,Pocahontas,lower,,IA WV
us_county,Poinsett,lower,,AR
us_county,Pointe Coupee,lower,,LA
us_county,Polk,lower,,AR FL GA IA MN MO NE NC OR TN TX WI
us_county,Pondera,lower,,MT
us_county,Pontotoc,lower,,MS OK
us_county,Pope,lower,,AR IL MN
us_county,Poquoson,lower,,VA
us_county,Portage,lower,,OH WI
us_county,Porter,lower,,IN
us_county,Portsmouth,lower,,VA
us_county,Posey,lower,,IN
us_county,Pottawatomie,lower,,KS OK
us_county,Pottawattamie,lower,,IA
us_county,Potter,lower,,PA SD TX
us_county,Powder River,lower,,MT
us_county,Powell,lower,,KY MT
us_county,Power,lower,,ID
us_county,Poweshiek,lower,,IA
us_county,Powhatan,lower,,VA
us_county,Prairie,lower,,AR MT
us_county,Pratt,lower,,KS
us_county,Preble,lower,,OH
us_county,Prentiss,lower,,MS
us_county,Presidio,lower,,TX
us_county,Presque Isle,lower,,MI
us_county,Preston,lower,,WV
us_county,Price,lower,,WI
us_county,Prince Edward,lower,,VA
us_county,Prince George,lower,,VA
us_county,Prince George's,lower,,MD
us_county,Prince William,lower,,VA
us_county,Prince of Wales-Hyder,lower,,AK
us_county,Providence,lower,,RI
us_county,Prowers,lower,,CO
us_county,Pueblo,lower,,CO
us_county,Pulaski,lower,,AR GA IL IN KY MO VA
us_county,Pushmataha,lower,,OK
us_county,Putnam,lower,,FL GA IL IN MO NY OH TN WV
us_county,Quay,lower,,NM
us_county,Queen Anne's,lower,,MD
us_county,Queens,lower,,NY
us_county,Quitman,lower,,GA MS
us_county,Rabun,lower,,GA
us_county,Racine,lower,,WI
us_county,Radford,lower,,VA
us_county,Rains,lower,,TX
us_county,Raleigh,lower,,WV
us_county,Ralls,lower,,MO
us_county,Ramsey,lower,,MN ND
us_county,Randall,lower,,TX
us_county,Randolph,lower,,AL AR GA IL IN MO NC WV
us_county,Rankin,lower,,MS
us_county,Ransom,lower,,ND
us_county,Rapides,lower,,LA
us_county,Rappahannock,lower,,VA
us_county,Ravalli,lower,,MT
us_county,Rawlins,lower,,KS
us_county,Ray,lower,,MO
us_county,Reagan,lower,,TX
us_county,Real,lower,,TX
us_county,Red Lake,lower,,MN
us_county,Red River,lower,,LA TX
us_county,Red Willow,lower,,NE
us_county,Redwood,lower,,MN
us_county,Reeves,lower,,TX
us_county,Refugio,lower,,TX
us_county,Reno,lower,,KS
us_county,Rensselaer,lower,,NY
us_county,Renville,lower,,MN ND
us_county,Republic,lower,,KS
us_county,Reynolds,lower,,MO
us_county,Rhea,lower,,TN
us_county,Rice,lower,,KS MN
us_county,Rich,lower,,UT
us_county,Richardson,lower,,NE
us_county,Richland,lower,,IL LA MT ND OH SC WI
us_county,Richmond,lower,,GA NY NC VA VA
us_county,Riley,lower,,KS
us_county,Ringgold,lower,,IA
us_county,Rio Arriba,lower,,NM
us_county,Rio Blanco,lower,,CO
us_county,Rio Grande,lower,,CO
us_county,Ripley,lower,,IN MO
us_county,Ritchie,lower,,WV
us_county,Riverside,lower,,CA
us_county,Roane,lower,,TN WV
us_county,Roanoke,lower,,VA VA
us_county,Roberts,lower,,SD TX
us_county,Robertson,lower,,KY TN TX
us_county,Robeson,lower,,NC
us_county,Rock,lower,,MN NE WI
us_county,Rock Island,lower,,IL
us_county,Rockbridge,lower,,VA
us_county,Rockcastle,lower,,KY
us_county,Rockdale,lower,,GA
us_county,Rockingham,lower,,NH NC VA
us_county,Rockland,lower,,NY
us_county,Rockwall,lower,,TX
us_county,Roger Mills,lower,,OK
us_county,Rogers,lower,,OK
us_county,Rolette,lower,,ND
us_county,Rooks,lower,,KS
us_county,Roosevelt,lower,,MT NM
us_county,Roscommon,lower,,MI
us_county,Roseau,lower,,MN
us_county,Rosebud,lower,,MT
us_county,Ross,lower,,OH
us_county,Routt,lower,,CO
us_county,Rowan,lower,,KY NC
us_county,Runnels,lower,,TX
us_county,Rush,lower,,IN KS
us_county,Rusk,lower,,TX WI
us_county,Russell,lower,,AL KS KY VA
us_county,Rutherford,lower,,NC TN
us_county,Rutland,lower,,VT
us_county,Sabine,lower,,LA TX
us_county,Sac,lower,,IA
us_county,Sacramento,lower,,CA
us_county,Sagadahoc,lower,,ME
us_county,Saginaw,lower,,MI
us_county,Saguache,lower,,CO
us_county,Salem,lower,,NJ VA
us_county,Saline,lower,,AR IL KS MO NE
us_county,Salt Lake,lower,,UT
us_county,Saluda,lower,,SC
us_county,Sampson,lower,,NC
us_county,San Augustine,lower,,TX
us_county,San Benito,lower,,CA
us_county,San Bernardino,lower,,CA
us_county,San Diego,lower,,CA
us_county,San Francisco,lower,,CA
us_county,San Jacinto,lower,,TX
us_county,San Joaquin,lower,,CA
us_county,San Juan,lower,,CO NM UT WA
us_county,San Luis Obispo,lower,,CA
us_county,San Mateo,lower,,CA
us_county,San Miguel,lower,,CO NM
us_county,San Patricio,lower,,TX
us_county,San Saba,lower,,TX
us_county,Sanborn,lower,,SD
us_county,Sanders,lower,,MT
us_county,Sandoval,lower,,NM
us_county,Sandusky,lower,,OH
us_county,Sangamon,lower,,IL
us_county,Sanilac,lower,,MI
us_county,Sanpete,lower,,UT
us_county,Santa Barbara,lower,,CA
us_county,Santa Clara,lower,,CA
us_county,Santa Cruz,lower,,AZ CA
us_county,Santa Fe,lower,,NM
us_county,Santa Rosa,lower,,FL
us_county,Sarasota,lower,,FL
us_county,Saratoga,lower,,NY
us_county,Sargent,lower,,ND
us_county,Sarpy,lower,,NE
us_county,Sauk,lower,,WI
us_county,Saunders,lower,,NE
us_county,Sawyer,lower,,WI
us_county,Schenectady,lower,,NY
us_county,Schleicher,lower,,TX
us_county,Schley,lower,,GA
us_county,Schoharie,lower,,NY
us_county,Schoolcraft,lower,,MI
us_county,Schuyler,lower,,IL MO NY
us_county,Schuylkill,lower,,PA
us_county,Scioto,lower,,OH
us_county,Scotland,lower,,MO NC
us_county,Scott,lower,,AR IL IN IA KS KY MN MS MO TN VA
us_county,Scotts Bluff,lower,,NE
us_county,Screven,lower,,GA
us_county,Scurry,lower,,TX
us_county,Searcy,lower,,AR
us_county,Sebastian,lower,,AR
us_county,Sedgwick,lower,,CO KS
us_county,Seminole,lower,,FL GA OK
us_county,Seneca,lower,,NY OH
us_county,Sequatchie,lower,,TN
us_county,Sequoyah,lower,,OK
us_county,Sevier,lower,,AR TN UT
us_county,Seward,lower,,KS NE
us_county,Shackelford,lower,,TX
us_county,Shannon,lower,,MO SD
us_county,Sharkey,lower,,MS
us_county,Sharp,lower,,AR
us_county,Shasta,lower,,CA
us_county,Shawano,lower,,WI
us_county,Shawnee,lower,,KS
us_county,Sheboygan,lower,,WI
us_county,Shelby,lower,,AL IL IN IA KY MO OH TN TX
us_county,Shenandoah,lower,,VA
us_county,Sherburne,lower,,MN
us_county,Sheridan,lower,,KS MT NE ND WY
us_county,Sherman,lower,,KS NE OR TX
us_county,Shiawassee,lower,,MI
us_county,Shoshone,lower,,ID
us_county,Sibley,lower,,MN
us_county,Sierra,lower,,CA NM
us_county,Silver Bow,lower,,MT
us_county,Simpson,lower,,KY MS
us_county,Sioux,lower,,IA NE ND
us_county,Siskiyou,lower,,CA
us_county,Sitka,lower,,AK
us_county,Skagit,lower,,WA
us_county,Skagway,lower,,AK
us_county,Skamania,lower,,WA
us_county,Slope,lower,,ND
us_county,Smith,lower,,KS MS TN TX
us_county,Smyth,lower,,VA
us_county,Snohomish,lower,,WA
us_county,Snyder,lower,,PA
us_county,Socorro,lower,,NM
us_county,Solano,lower,,CA
us_county,Somerset,lower,,ME MD NJ PA
us_county,Somervell,lower,,TX
us_county,Sonoma,lower,,CA
us_county,South Boston,lower,,VA
us_county,Southampton,lower,,VA
us_county,Southeast Fairbanks,lower,,AK
us_county,Spalding,lower,,GA
us_county,Spartanburg,lower,,SC
us_county,Spencer,lower,,IN KY
us_county,Spink,lower,,SD
us_county,Spokane,lower,,WA
us_county,Spotsylvania,lower,,VA
us_county,St. Bernard,lower,,LA
us_county,St. Charles,lower,,LA MO
us_county,St. Clair,lower,,AL IL MI MO
us_county,St. Croix,lower,,WI
us_county,St. Francis,lower,,AR
us_county,St. Francois,lower,,MO
us_county,St. Helena,lower,,LA
us_county,St. James,lower,,LA
us_county,St. John the Baptist,lower,,LA
us_county,St. Johns,lower,,FL
us_county,St. Joseph,lower,,IN MI
us_county,St. Landry,lower,,LA
us_county,St. Lawrence,lower,,NY
us_county,St. Louis,lower,,MN MO
us_county,St. Louis city,lower,,MO
us_county,St. Lucie,lower,,FL
us_county,St. Martin,lower,,LA
us_county,St. Mary,lower,,LA
us_county,St. Mary's,lower,,MD
us_county,St. Tammany,lower,,LA
us_county,Stafford,lower,,KS VA
us_county,Stanislaus,lower,,CA
us_county,Stanley,lower,,SD
us_county,Stanly,lower,,NC
us_county,Stanton,lower,,KS NE
us_county,Stark,lower,,IL ND OH
us_county,Starke,lower,,IN
us_county,Starr,lower,,TX
us_county,Staunton,lower,,VA
us_county,Ste. Genevieve,lower,,MO
us_county,Stearns,lower,,MN
us_county,Steele,lower,,MN ND
us_county,Stephens,lower,,GA OK TX
us_county,Stephenson,lower,,IL
us_county,Sterling,lower,,TX
us_county,Steuben,lower,,IN NY
us_county,Stevens,lower,,KS MN WA
us_county,Stewart,lower,,GA TN
us_county,Stillwater,lower,,MT
us_county,Stoddard,lower,,MO
us_county,Stokes,lower,,NC
us_county,Stone,lower,,AR MS MO
us_county,Stonewall,lower,,TX
us_county,Storey,lower,,NV
us_county,Story,lower,,IA
us_county,Strafford,lower,,NH
us_county,Stutsman,lower,,ND
us_county,Sublette,lower,,WY
us_county,Suffolk,lower,,MA NY VA
us_county,Sullivan,lower,,IN MO NH NY PA TN
us_county,Sully,lower,,SD
us_county,Summers,lower,,WV
us_county,Summit,lower,,CO OH UT
us_county,Sumner,lower,,KS TN
us_county,Sumter,lower,,AL FL GA SC
us_county,Sunflower,lower,,MS
us_county,Surry,lower,,NC VA
us_county,Susquehanna,lower,,PA
us_county,Sussex,lower,,DE NJ VA
us_county,Sutter,lower,,CA
us_county,Sutton,lower,,TX
us_county,Suwannee,lower,,FL
us_county,Swain,lower,,NC
us_county,Sweet Grass,lower,,MT
us_county,Sweetwater,lower,,WY
us_county,Swift,lower,,MN
us_county,Swisher,lower,,TX
us_county,Switzerland,lower,,IN
us_county,Talbot,lower,,GA MD
us_county,Taliaferro,lower,,GA
us_county,Talladega,lower,,AL
us_county,Tallahatchie,lower,,MS
us_county,Tallapoosa,lower,,AL
us_county,Tama,lower,,IA
us_county,Taney,lower,,MO
us_county,Tangipahoa,lower,,LA
us_county,Taos,lower,,NM
us_county,Tarrant,lower,,TX
us_county,Tate,lower,,MS
us_county,Tattnall,lower,,GA
us_county,Taylor,lower,,FL GA IA KY TX WV WI
us_county,Tazewell,lower,,IL VA
us_county,Tehama,lower,,CA
us_county,Telfair,lower,,GA
us_county,Teller,lower,,CO
us_county,Tensas,lower,,LA
us_county,Terrebonne,lower,,LA
us_county,Terrell,lower,,GA TX
us_county,Terry,lower,,TX
us_county,Teton,lower,,ID MT WY
us_county,Texas,lower,,MO OK
us_county,Thayer,lower,,NE
us_county,Thomas,lower,,GA KS NE
us_county,Throckmorton,lower,,TX
us_county,Thurston,lower,,NE WA
us_county,Tift,lower,,GA
us_county,Tillamook,lower,,OR
us_county,Tillman,lower,,OK
us_county,Tioga,lower,,NY PA
us_county,Tippah,lower,,MS
us_county,Tippecanoe,lower,,IN
us_county,Tipton,lower,,IN TN
us_county,Tishomingo,lower,,MS
us_county,Titus,lower,,TX
us_county,Todd,lower,,KY MN SD
us_county,Tolland,lower,,CT
us_county,Tom Green,lower,,TX
us_county,Tompkins,lower,,NY
us_county,Tooele,lower,,UT
us_county,Toole,lower,,MT
us_county,Toombs,lower,,GA
us_county,Torrance,lower,,NM
us_county,Towner,lower,,ND
us_county,Towns,lower,,GA
us_county,Traill,lower,,ND
us_county,Transylvania,lower,,NC
us_county,Traverse,lower,,MN
us_county,Travis,lower,,TX
us_county,Treasure,lower,,MT
us_county,Trego,lower,,KS
us_county,Trempealeau,lower,,WI
us_county,Treutlen,lower,,GA
us_county,Trigg,lower,,KY
us_county,Trimble,lower,,KY
us_county,Trinity,lower,,CA TX
us_county,Tripp,lower,,SD
us_county,Troup,lower,,GA
us_county,Trousdale,lower,,TN
us_county,Trumbull,lower,,OH
us_county,Tucker,lower,,WV
us_county,Tulare,lower,,CA
us_county,Tulsa,lower,,OK
us_county,Tunica,lower,,MS
us_county,Tuolumne,lower,,CA
us_county,Turner,lower,,GA SD
us_county,Tuscaloosa,lower,,AL
us_county,Tuscarawas,lower,,OH
us_county,Tuscola,lower,,MI
us_county,Twiggs,lower,,GA
us_county,Twin Falls,lower,,ID
us_county,Tyler,lower,,TX WV
us_county,Tyrrell,lower,,NC
us_county,Uinta,lower,,WY
us_county,Uintah,lower,,UT
us_county,Ulster,lower,,NY
us_county,Umatilla,lower,,OR
us_county,Unicoi,lower,,TN
us_county,Union,lower,,AR FL GA IL IN IA KY LA MS NJ NM NC OH OR PA SC SD TN
us_county,Upshur,lower,,TX WV
us_county,Upson,lower,,GA
us_county,Upton,lower,,TX
us_county,Utah,lower,,UT
us_county,Uvalde,lower,,TX
us_county,Val Verde,lower,,TX
us_county,Valdez-Cordova,lower,,AK
us_county,Valencia,lower,,NM
us_county,Valley,lower,,ID MT NE
us_county,Van Buren,lower,,AR IA MI TN
us_county,Van Wert,lower,,OH
us_county,Van Zandt,lower,,TX
us_county,Vance,lower,,NC
us_county,Vanderburgh,lower,,IN
us_county,Venango,lower,,PA
us_county,Ventura,lower,,CA
us_county,Vermilion,lower,,IL LA
us_county,Vermillion,lower,,IN
us_county,Vernon,lower,,LA MO WI
us_county,Victoria,lower,,TX
us_county,Vigo,lower,,IN
us_county,Vilas,lower,,WI
us_county,Vinton,lower,,OH
us_county,Virginia Beach,lower,,VA
us_county,Volusia,lower,,FL
us_county,Wabash,lower,,IL IN
us_county,Wabasha,lower,,MN
us_county,Wabaunsee,lower,,KS
us_county,Wade Hampton,lower,,AK
us_county,Wadena,lower,,MN
us_county,Wagoner,lower,,OK
us_county,Wahkiakum,lower,,WA
us_county,Wake,lower,,NC
us_county,Wakulla,lower,,FL
us_county,Waldo,lower,,ME
us_county,Walker,lower,,AL GA TX
us_county,Walla Walla,lower,,WA
us_county,Wallace,lower,,KS
us_county,Waller,lower,,TX
us_county,Wallowa,lower,,OR
us_county,Walsh,lower,,ND
us_county,Walthall,lower,,MS
us_county,Walton,lower,,FL GA
us_county,Walworth,lower,,SD WI
us_county,Wapello,lower,,IA
us_county,Ward,lower,,ND TX
us_county,Ware,lower,,GA
us_county,Warren,lower,,GA IL IN IA KY MS MO NJ NY NC OH PA TN VA
us_county,Warrick,lower,,IN
us_county,Wasatch,lower,,UT
us_county,Wasco,lower,,OR
us_county,Waseca,lower,,MN
us_county,Washakie,lower,,WY
us_county,Washburn,lower,,WI
us_county,Washington,lower,,AL AR CO FL GA ID IL IN IA KS KY LA ME MD MN MS MO NE NY NC OH OK OR PA RI TN TX UT VT VA WI
us_county,Washita,lower,,OK
us_county,Washoe,lower,,NV
us_county,Washtenaw,lower,,MI
us_county,Watauga,lower,,NC
us_county,Watonwan,lower,,MN
us_county,Waukesha,lower,,WI
us_county,Waupaca,lower,,WI
us_county,Waushara,lower,,WI
us_county,Wayne,lower,,GA IL IN IA KY MI MS MO NE NY NC OH PA TN UT WV
us_county,Waynesboro,lower,,VA
us_county,Weakley,lower,,TN
us_county,Webb,lower,,TX
us_county,Weber,lower,,UT
us_county,Webster,lower,,GA IA KY LA MS MO NE WV
us_county,Weld,lower,,CO
us_county,Wells,lower,,IN ND
us_county,West Baton Rouge,lower,,LA
us_county,West Carroll,lower,,LA
us_county,West Feliciana,lower,,LA
us_county,Westchester,lower,,NY
us_county,Westmoreland,lower,,PA VA
us_county,Weston,lower,,WY
us_county,Wetzel,lower,,WV
us_county,Wexford,lower,,MI
us_county,Wharton,lower,,TX
us_county,Whatcom,lower,,WA
us_county,Wheatland,lower,,MT
us_county,Wheeler,lower,,GA NE OR TX
us_county,White,lower,,AR GA IL IN TN
us_county,White Pine,lower,,NV
us_county,Whiteside,lower,,IL
us_county,Whitfield,lower,,GA
us_county,Whitley,lower,,IN KY
us_county,Whitman,lower,,WA
us_county,Wibaux,lower,,MT
us_county,Wichita,lower,,KS TX
us_county,Wicomico,lower,,MD
us_county,Wilbarger,lower,,TX
us_county,Wilcox,lower,,AL GA
us_county,Wilkes,lower,,GA NC
us_county,Wilkin,lower,,MN
us_county,Wilkinson,lower,,GA MS
us_county,Will,lower,,IL
us_county,Willacy,lower,,TX
us_county,Williams,lower,,ND OH
us_county,Williamsburg,lower,,SC VA
us_county,Williamson,lower,,IL TN TX
us_county,Wilson,lower,,KS NC TN TX
us_county,Winchester,lower,,VA
us_county,Windham,lower,,CT VT
us_county,Windsor,lower,,VT
us_county,Winkler,lower,,TX
us_county,Winn,lower,,LA
us_county,Winnebago,lower,,IL IA WI
us_county,Winneshiek,lower,,IA
us_county,Winona,lower,,MN
us_county,Winston,lower,,AL MS
us_county,Wirt,lower,,WV
us_county,Wise,lower,,TX VA
us_county,Wolfe,lower,,KY
us_county,Wood,lower,,OH TX WV WI
us_county,Woodbury,lower,,IA
us_county,Woodford,lower,,IL KY
us_county,Woodruff,lower,,AR
us_county,Woods,lower,,OK
us_county,Woodson,lower,,KS
us_county,Woodward,lower,,OK
us_county,Worcester,lower,,MD MA
us_county,Worth,lower,,GA IA MO
us_county,Wrangell,lower,,AK
us_county,Wright,lower,,IA MN MO
us_county,Wyandot,lower,,OH
us_county,Wyandotte,lower,,KS
us_county,Wyoming,lower,,NY PA WV
us_county,Wythe,lower,,VA
us_county,Yadkin,lower,,NC
us_county,Yakima,lower,,WA
us_county,Yakutat,lower,,AK
us_county,Yalobusha,lower,,MS
us_county,Yamhill,lower,,OR
us_county,Yancey,lower,,NC
us_county,Yankton,lower,,SD
us_county,Yates,lower,,NY
us_county,Yavapai,lower,,AZ
us_county,Yazoo,lower,,MS
us_county,Yell,lower,,AR
us_county,Yellow Medicine,lower,,MN
us_county,Yellowstone,lower,,MT
us_county,Yellowstone National Park,lower,,MT
us_county,Yoakum,lower,,TX
us_county,Yolo,lower,,CA
us_county,York,lower,,ME NE PA SC VA
us_county,Young,lower,,TX
us_county,Yuba,lower,,CA
us_county,Yukon-Koyukuk,lower,,AK
us_county,Yuma,lower,,AZ CO
us_county,Zapata,lower,,TX
us_county,Zavala,lower,,TX
us_county,Ziebach,lower,,SD
